{"br":{"wins":7,"kills":624,"kdRatio":0.6948775055679287,"downs":526,"topTwentyFive":242,"topTen":97,"contracts":363,"revives":64,"topFive":50,"score":747500,"timePlayed":426178,"gamesPlayed":378,"tokens":0,"scorePerMinute":105.2377175734083,"cash":0,"deaths":898,"title":"br"},"br_dmz":{"wins":1,"kills":96,"kdRatio":0.9320388349514563,"downs":107,"topTwentyFive":1,"topTen":1,"contracts":45,"revives":16,"topFive":1,"score":59214,"timePlayed":35671,"gamesPlayed":25,"tokens":0,"scorePerMinute":99.60023548540832,"cash":1641,"deaths":103,"title":"br_dmz"},"br_all":{"wins":8,"kills":720,"kdRatio":0.7192807192807192,"downs":633,"topTwentyFive":243,"topTen":98,"contracts":408,"revives":80,"topFive":51,"score":806714,"timePlayed":461849,"gamesPlayed":403,"tokens":0,"scorePerMinute":104.80230551543903,"cash":1641,"deaths":1001,"title":"br_all"}}